Country,Lig,home_team,away_team,home_score,away_score,season_year,Date_day,Date_hour,first_half,second_half,home_team_goals_current_time,home_team_goals_current_score,home_team_goals,home_team_goals_assist,away_team_goals_current_time,away_team_goals_current_score,away_team_goals,away_team_goals_assist,home_team_yellow_card_current_time,home_team_yellow_card,home_team_yellow_card_why,away_team_yellow_card_current_time,away_team_yellow_card,away_team_yellow_card_why,home_team_red_card_current_time,home_team_red_card,home_team_red_card_why,away_team_red_card_current_time,away_team_red_card,away_team_red_card_why,home_team_substitutions_current_time,home_team_substitutions,home_team_substitutions_with,home_team_substitution_why,away_team_substitutions_current_time,away_team_substitutions,away_team_substitutions_with,away_team_substitution_why,expected_goals_xg_home,expected_goals_xg_host,Ball_Possession_Home,Ball_Possession_Host,Goal_Attempts_Home,Goal_Attempts_Host,Shots_on_Goal_Home,Shots_on_Goal_Host,Shots_off_Goal_Home,Shots_off_Goal_Host,Blocked_Shots_Home,Blocked_Shots_Host,Free_Kicks_Home,Free_Kicks_Host,Corner_Kicks_Home,Corner_Kicks_Host,Offsides_Home,Offsides_Host,Throw_ins_Home,Throw_ins_Host,Goalkeeper_Saves_Home,Goalkeeper_Saves_Host,Fouls_Home,Fouls_Host,Red_Cards_Home,Red_Cards_Host,Yellow_Cards_Home,Yellow_Cards_Host,Total_Passes_Home,Total_Passes_Host,Completed_Passes_Home,Completed_Passes_Host,Tackles_Home,Tackles_Host,Crosses_Completed_Home,Crosses_Completed_Host,Interceptions_Home,Interceptions_Host,Attacks_Home,Attacks_Host,Dangerous_Attacks_Home,Dangerous_Attacks_Host,Distance_Covered_(km)_Home,Distance_Covered_(km)_Host,Clearances_Completed_Home,Clearances_Completed_Host,Pass_Success_per_Home,Pass_Success_per_Host,referee,venue,capacity,attendance
France,Ligue-1,Auxerre,PSG,0,0,2024/2025,06.12,23:00,0 - 0,0 - 0,[],[],[],[],[],[],[],[],"[""73'"", ""76'""]","['Traore H. J.', 'Sinayoko L.']","['(Holding)', '(Unsportsmanlike conduct)']","[""85'""]",['Pacho W.'],['(Tripping)'],[],[],[],[],[],[],"[""77'"", ""83'"", ""84'""]","['Onaiwu A.', 'Bair T.', 'Joly P.']","['Perrin G.', 'Sinayoko L.', 'Hoever K.']","['-', '-', '-']","[""62'"", ""62'"", ""67'"", ""79'""]","['Dembele O.', 'Kolo Muani R.', 'Doue D.', 'Asensio M.']","['Barcola B.', 'Ramos G.', 'Lee Kang-In', 'Ruiz F.']","['-', '-', '-', '-']",0.28,1.89,27%,73%,6,25,2,11,1,9,3,5,7,8,3,15,3,4,17,24,11,2,8,7,,,2,1,,,,,62% (16/26),54% (15/28),,,9,12,,,,,,,,,,,Pignard J.  (Fra),Stade de l'Abbé-Deschamps  (Auxerre),17 924,17 028
France,Ligue-1,Lille,Brest,3,1,2024/2025,06.12,21:00,2 - 0,1 - 1,"[""7'"", ""44'"", ""69'""]","['1 - 0', '2 - 0', '3 - 1']","['David J.', 'Haraldsson H.', 'David J.']","['(Penalty)', '(David J.)', '-']","[""48'""]",['2 - 1'],['Ajorque L.'],['(Camara M.)'],"[""80'""]",['Andre B.'],['(Foul)'],"[""6'""]",['Le Cardinal J.'],['(Holding)'],[],[],[],[],[],[],"[""62'"", ""62'"", ""83'"", ""83'"", ""90'""]","['Bouaddi A.', 'Sahraoui O.', 'Gomes A.', 'Cabella R.', 'Ismaily']","['Haraldsson H.', 'Fernandez-Pardo M.', 'Mukau N.', 'Zhegrova E.', 'Gudmundsson G.']","['-', '-', '-', '-', '-']","[""46'"", ""65'"", ""76'"", ""76'""]","['Del Castillo R.', 'Sima A.', 'Salah I.', 'Fernandes E.']","['Balde M.', 'Pereira Lage M.', 'Camara M.', 'Doumbia K.']","['-', '-', '-', '-']",2.51,0.63,61%,39%,10,7,6,3,2,4,2,0,16,13,2,1,1,1,21,21,2,3,13,16,,,1,1,,,,,50% (6/12),84% (16/19),,,9,17,,,,,,,,,,,Bastien B.  (Fra),Stade Pierre-Mauroy  (Villeneuve d'Ascq),50 186,38 128
France,Ligue-1,Marseille,Monaco,2,1,2024/2025,01.12,22:45,0 - 1,2 - 0,"[""53'"", ""89'""]","['1 - 1', '2 - 1']","['Luis Henrique', 'Greenwood M.']","['(Maupay N.)', '(Penalty)']","[""41'""]",['0 - 1'],['Golovin A.'],['(Zakaria D.)'],[],[],[],"[""90+3'""]",['Vanderson'],['(Unsportsmanlike conduct)'],[],[],[],[],[],[],"[""60'"", ""74'"", ""90+3'""]","['Merlin Q.', 'Wahi E.', 'Nadir B.']","['Garcia U.', 'Maupay N.', 'Greenwood M.']","['-', '-', '-']","[""68'"", ""68'"", ""75'"", ""90'""]","['Embolo B.', 'Minamino T.', 'Ouattara K.', 'Ilenikhena G.']","['Balogun F.', 'Ben Seghir E.', 'Golovin A.', 'Magassa S.']","['-', '-', '-', '-']",2.00,1.02,63%,37%,9,7,4,4,2,1,3,2,16,15,5,3,0,1,22,17,3,2,15,16,,,0,1,,,,,71% (15/21),52% (11/21),,,15,19,,,,,,,,,,,Turpin C.  (Fra),Stade Vélodrome  (Marseille),67 394,64 277
France,Ligue-1,Le Havre,Angers,0,1,2024/2025,01.12,19:00,0 - 0,0 - 1,[],[],[],[],"[""63'""]",['0 - 1'],['Abdelli H.'],['(El Melali F.)'],"[""86'"", ""90+1'""]","['Kechta Y.', 'Youte Kinkoue E.']","['(Diving)', '(Tripping)']",[],[],[],[],[],[],[],[],[],"[""61'"", ""61'"", ""77'""]","['Kechta Y.', 'Ngoura S.', 'Joujou A.']","['Sabbi E.', 'Kuzyaev D.', 'Casimir J.']","['-', '-', '(Injury)']","[""71'"", ""80'"", ""89'"", ""90'"", ""90'""]","['Niane I.', 'Belkhdim Y.', 'Lepaul E.', 'Ekomie J.', 'Rao-Lisoa L.']","['Dieng B.', 'El Melali F.', 'Abdelli H.', 'Hanin F.', 'Allevinah J.']","['-', '-', '(Injury)', '-', '-']",0.18,1.84,56%,44%,5,12,1,3,3,4,1,5,10,8,2,4,0,1,15,22,2,1,8,10,,,2,0,,,,,67% (18/27),57% (13/23),,,9,10,,,,,,,,,,,Delajod W.  (Fra),Stade Océane  (Le Havre),25 178,20 018
France,Ligue-1,Lyon,Nice,4,1,2024/2025,01.12,19:00,3 - 1,1 - 0,"[""4'"", ""41'"", ""43'"", ""69'""]","['1 - 0', '2 - 1', '3 - 1', '4 - 1']","['Lacazette A.', 'Lacazette A.', 'Veretout J.', 'Lacazette A.']","['(Clinton Mata)', '(Benrahma S.)', '-', '(Penalty)']","[""22'""]",['1 - 1'],['Diop S.'],['(Cho M.)'],"[""90+1'""]",['Tagliafico N.'],['(Tripping)'],"[""54'"", ""90+6'""]","['Boudaoui H.', 'Louchet T.']","['(Holding)', '(Tripping)']",[],[],[],[],[],[],"[""46'"", ""71'"", ""71'"", ""77'"", ""83'""]","['Cherki R.', 'Maitland-Niles A.', 'Mikautadze G.', 'Nuamah E.', 'Caqueret M.']","['Benrahma S.', 'Caleta-Car D.', 'Lacazette A.', 'Fofana M.', 'Tolisso C.']","['-', '-', '-', '-', '-']","[""45+4'"", ""73'"", ""73'"", ""83'"", ""84'""]","['Bouanani B.', 'Laborde G.', 'Doumbouya A.', 'Camara I.', 'Ilie R.']","['Cho M.', 'Ndombele T.', 'Nandjou Y.', 'Boudaoui H.', 'Diop S.']","['(Injury)', '-', '-', '-', '-']",2.56,2.29,53%,47%,16,16,8,7,4,3,4,6,11,11,5,4,3,1,17,16,6,4,11,11,,,1,2,,,,,90% (18/20),62% (8/13),,,9,15,,,,,,,,,,,Dechepy B.  (Fra),Parc Olympique Lyonnais  (Lyon),59 186,59 977
France,Ligue-1,Toulouse,Auxerre,2,0,2024/2025,01.12,19:00,2 - 0,0 - 0,"[""32'"", ""39'""]","['1 - 0', '2 - 0']","['King J.', 'Sierro V.']","['(Suazo G.)', '(Penalty)']",[],[],[],[],[],[],[],[],[],[],[],[],[],[],[],[],"[""72'"", ""81'"", ""85'"", ""86'"", ""86'""]","['Dominguez A.', 'Magri F.', 'Schmidt N.', 'Kamanzi W.', 'Babicka S.']","['Restes G.', 'King J.', 'Casseres C.', 'Donnum A.', 'Aboukhlal Z.']","['(Injury)', '-', '-', '-', '-']","[""46'"", ""46'"", ""64'"", ""64'"", ""80'""]","['Joly P.', 'Onaiwu A.', 'Bair T.', 'Danois K.', 'Aye F.']","['Hoever K.', 'Diomande S.', 'Sinayoko L.', 'Raveloson R.', 'Traore H. J.']","['-', '-', '-', '-', '-']",2.17,0.08,51%,49%,12,4,7,0,2,1,3,3,12,14,6,2,2,3,25,13,0,5,14,12,,,,,,,,,63% (10/16),77% (10/13),,,12,10,,,,,,,,,,,Ben El Hadj Salem H.  (Fra),Stadium Municipal  (Toulouse),33 150,23 525
France,Ligue-1,Montpellier,Lille,2,2,2024/2025,01.12,17:00,1 - 1,1 - 1,"[""45+2'"", ""90+3'""]","['1 - 1', '2 - 2']","['Sylla I.', 'Nordin A.']","['(Savanier T.)', '-']","[""44'"", ""54'""]","['0 - 1', '1 - 2']","['David J.', 'David J.']","['(Penalty)', '(Penalty)']","[""9'"", ""35'"", ""52'"", ""83'""]","['Maksimovic N.', 'Tchato E.', 'Savanier T.', 'Sagnan M.']","['(Roughing)', '(Tripping)', '(Unsportsmanlike conduct)', '(Holding)']","[""26'"", ""47'"", ""52'"", ""89'"", ""90+13'""]","['Mukau N.', 'Alexsandro', 'Cabella R.', 'Fernandez-Pardo M.', 'Haraldsson H.']","['(Roughing)', '(Roughing)', '(Unsportsmanlike conduct)', '(Tripping)', '(Roughing)']","[""86'"", ""90+9'""]","['Gasset J.', 'Coulibaly T.']","['(Not on pitch)', '(Unsportsmanlike conduct)']","[""90+9'""]",['Bakker M.'],['(Not on pitch)'],"[""63'"", ""63'"", ""63'"", ""81'"", ""88'""]","['Nzingoula R.', 'Ndiaye J.', 'Sagnan M.', 'Coulibaly T.', 'Bares G.']","['Ferri J.', 'Khazri W.', 'Omeragic B.', 'Savanier T.', 'Maksimovic N.']","['-', '-', '-', '(Injury)', '-']","[""68'"", ""68'"", ""77'"", ""90'"", ""90'""]","['Sahraoui O.', 'Haraldsson H.', 'Gudmundsson G.', 'Bayo M.', 'Meunier T.']","['Cabella R.', 'Mukau N.', 'Bakker M.', 'David J.', 'Fernandez-Pardo M.']","['-', '-', '-', '-', '-']",1.45,2.36,42%,58%,11,13,5,4,5,7,1,2,21,9,7,2,3,1,15,18,2,3,9,21,1,1,4,5,,,,,56% (9/16),58% (14/24),,,11,9,,,,,,,,,,,Millot B.  (Fra),Stade de la Mosson  (Montpellier),20 484,14 000
France,Ligue-1,PSG,Nantes,1,1,2024/2025,30.11,23:00,1 - 1,0 - 0,"[""2'""]",['1 - 0'],['Hakimi A.'],['(Ramos G.)'],"[""38'""]",['1 - 1'],['Abline M.'],['(Augusto D.)'],[],[],[],[],[],[],[],[],[],[],[],[],"[""61'"", ""73'"", ""73'""]","['Zaire-Emery W.', 'Dembele O.', 'Doue D.']","['Neves J.', 'Lee Kang-In', 'Barcola B.']","['-', '-', '-']","[""46'"", ""73'"", ""82'"", ""82'"", ""89'""]","['Amian K.', 'Duverne J.', 'Ganago I.', 'Guirassy B.', 'Gbamin J.']","['Centonze F.', 'Castelletto J.', 'Abline M.', 'Simon M.', 'Chirivella P.']","['-', '(Injury)', '-', '-', '-']",2.56,0.65,84%,16%,24,5,10,2,8,2,6,1,6,3,9,3,1,2,27,10,1,9,3,6,,,,,,,,,71% (10/14),29% (7/24),,,9,9,,,,,,,,,,,Stinat J.  (Fra),Parc des Princes  (Paris),48 229,47 926
France,Ligue-1,Brest,Strasbourg,3,1,2024/2025,30.11,21:00,2 - 0,1 - 1,"[""12'"", ""45+1'"", ""90+2'""]","['1 - 0', '2 - 0', '3 - 1']","['Lala K.', 'Pereira Lage M.', 'Del Castillo R.']","['(Penalty)', '(Le Cardinal J.)', '(Ajorque L.)']","[""85'""]",['2 - 1'],['Ouattara A.'],['(Nanasi S.)'],"[""27'"", ""32'"", ""43'""]","['Balde M.', 'Chardonnet B.', 'Ajorque L.']","['(Holding)', '(Tripping)', '(Roughing)']","[""41'"", ""74'""]","['Mara S.', 'Moreira D.']","['(Roughing)', '(Elbowing)']",[],[],[],[],[],[],"[""50'"", ""67'"", ""67'"", ""80'""]","['Magnetti H.', 'Sima A.', 'Doumbia K.', 'Del Castillo R.']","['Fernandes E.', 'Faivre R.', 'Balde M.', 'Pereira Lage M.']","['(Injury)', '-', '-', '-']","[""46'"", ""69'"", ""84'""]","['Sebas J.', 'Ouattara A.', 'Perea O.']","['Mara S.', 'Lemarechal F.', 'Diarra H.']","['-', '-', '-']",2.57,0.49,37%,63%,11,12,8,4,1,5,2,3,8,15,4,3,3,1,20,17,3,5,15,8,,,3,2,,,,,75% (9/12),83% (10/12),,,12,1,,,,,,,,,,,Lissorgue R.  (Fra),Stade Francis-Le Blé  (Brest),15 220,14 600
France,Ligue-1,Rennes,St Etienne,5,0,2024/2025,30.11,19:00,2 - 0,3 - 0,"[""39'"", ""45+6'"", ""53'"", ""61'"", ""67'""]","['1 - 0', '2 - 0', '3 - 0', '4 - 0', '5 - 0']","['Kalimuendo A.', 'Blas L.', 'Gouiri A.', 'Kalimuendo A.', 'Kalimuendo A.']","['(Penalty)', '(Kalimuendo A.)', '(Blas L.)', '(Blas L.)', '(Penalty)']",[],[],[],[],[],[],[],"[""81'""]",['Larsonneur G.'],['(Tripping)'],[],[],[],"[""37'""]",['Cafaro M.'],['(Handling)'],"[""62'"", ""62'"", ""70'"", ""70'"", ""75'""]","['Gronbaek A.', 'Truffert A.', 'Kamara G.', 'Gomez C. A.', 'Jota']","['Gouiri A.', 'Nagida M.', 'Matusiwa A.', 'Assignon L.', 'Blas L.']","['-', '-', '-', '-', '-']","[""46'"", ""66'"", ""67'"", ""67'"", ""81'""]","['Wadji I.', 'Stassin L.', 'Amougou M.', 'Moueffek A.', 'Cornud P.']","['Mouton L.', 'Sissoko I.', 'Davitashvili Z.', 'Ekwah P.', 'Petrot L.']","['-', '-', '-', '-', '-']",3.19,0.11,72%,28%,18,2,9,0,4,1,5,1,12,14,6,1,2,1,19,12,0,4,14,12,0,1,0,1,,,,,71% (10/14),64% (16/25),,,10,10,,,,,,,,,,,Bollengier M.  (Fra),Roazhon Park  (Rennes),29 778,27 586
France,Ligue-1,Reims,Lens,0,2,2024/2025,29.11,22:45,0 - 1,0 - 1,[],[],[],[],"[""23'"", ""61'""]","['0 - 1', '0 - 2']","['Thomasson A.', 'Nzola M.']","['-', '(Fulgini A.)']","[""42'""]",['Atangana Edoa V.'],['(Tripping)'],"[""32'"", ""66'""]","['Diouf A.', 'Labeau Lascary R.']","['(Roughing)', '(Foul)']",[],[],[],[],[],[],"[""66'"", ""67'"", ""67'"", ""80'"", ""81'""]","['Diakhon M.', 'Kone A.', 'Fofana Y.', 'Gabriel Moscardo', 'Salama A.']","['Atangana Edoa V.', 'Teuma T.', 'Nakamura K.', 'Munetsi M.', 'Diakite O.']","['-', '-', '-', '-', '-']","[""46'"", ""71'"", ""78'"", ""78'"", ""88'""]","['El Aynaoui N.', 'Sotoca F.', 'Ojediran H.', 'Machado D.', 'Jhoanner Chavez']","['Diouf A.', 'Labeau Lascary R.', 'Fulgini A.', 'Zaroury A.', 'Nzola M.']","['-', '-', '-', '-', '-']",0.81,1.02,51%,49%,16,11,3,6,8,4,5,1,12,14,3,1,1,4,31,16,4,3,14,12,,,1,2,,,,,58% (11/19),50% (12/24),,,10,8,,,,,,,,,,,Kherradji A.  (Fra),Stade Auguste-Delaune  (Reims),21 029,18 555
France,Ligue-1,Nice,Strasbourg,2,1,2024/2025,24.11,22:45,0 - 1,2 - 0,"[""54'"", ""62'""]","['1 - 1', '2 - 1']","['Bard M.', 'Sylla A.']","['(Diop S.)', '(Own goal)']","[""20'""]",['0 - 1'],['Bakwa D.'],['(Lemarechal F.)'],"[""45+5'"", ""77'""]","['Dante', 'Rosario P.']","['(Roughing)', '(Foul)']",[],[],[],[],[],[],[],[],[],"[""74'"", ""74'"", ""88'""]","['Ndombele T.', 'Laborde G.', 'Bouanani B.']","['Boga J.', 'Diop S.', 'Cho M.']","['-', '-', '-']","[""26'"", ""46'"", ""64'"", ""79'""]","['Mwanga J.', 'Senaya M.', 'Mara S.', 'Sebas J.']","['Doukoure I.', 'Wiley C.', 'Sylla A.', 'Lemarechal F.']","['(Injury)', '(Injury)', '-', '-']",2.13,0.31,54%,46%,15,10,5,3,6,1,4,6,8,16,4,7,0,1,18,16,2,3,16,8,,,2,0,,,,,52% (14/27),63% (19/30),,,9,11,,,,,,,,,,,Bastien B.  (Fra),Allianz Riviera  (Nice),36 178,18 389
France,Ligue-1,Auxerre,Angers,1,0,2024/2025,24.11,19:00,0 - 0,1 - 0,"[""90+3'""]",['1 - 0'],['Traore H. J.'],['(Hoever K.)'],[],[],[],[],"[""26'"", ""50'"", ""84'"", ""90+4'""]","['Owusu E.', 'Mensah G.', 'Raveloson R.', 'Traore H. J.']","['(Roughing)', '(Roughing)', '(Tripping)', '(Unsportsmanlike conduct)']","[""33'""]",['Arcus C.'],['(Tripping)'],[],[],[],[],[],[],"[""66'"", ""66'"", ""78'""]","['Bair T.', 'Raveloson R.', 'Onaiwu A.']","['Sinayoko L.', 'Danois K.', 'Perrin G.']","['-', '-', '-']","[""72'"", ""72'"", ""77'"", ""77'""]","['Lepaul E.', 'Rao-Lisoa L.', 'Dieng B.', 'Belkhdim Y.']","['Allevinah J.', 'Arcus C.', 'Niane I.', 'Aholou J.']","['-', '-', '-', '-']",0.56,0.85,48%,52%,10,10,6,5,3,3,1,2,7,13,2,2,0,1,15,22,5,5,13,7,,,4,1,,,,,64% (14/22),50% (7/14),,,9,11,,,,,,,,,,,Letexier F.  (Fra),Stade de l'Abbé-Deschamps  (Auxerre),17 924,16 120
France,Ligue-1,Nantes,Le Havre,0,2,2024/2025,24.11,19:00,0 - 1,0 - 1,[],[],[],[],"[""3'"", ""74'""]","['0 - 1', '0 - 2']","['Casimir J.', 'Centonze F.']","['-', '(Own goal)']","[""54'"", ""62'""]","['Duverne J.', 'Simon M.']","['(Holding)', '(Tripping)']","[""72'""]",['Desmas A.'],['(Delay of game)'],[],[],[],[],[],[],"[""58'"", ""58'"", ""68'"", ""85'"", ""85'""]","['Guirassy B.', 'Centonze F.', 'Mostafa Mohamed', 'Ganago I.', 'Assoumani D.']","['Mollet F.', 'Duverne J.', 'Chirivella P.', 'Simon M.', 'Lepenant J.']","['-', '-', '-', '-', '-']","[""61'"", ""71'"", ""90+34'"", ""90+35'""]","['Ndiaye R.', 'Ngoura S.', 'Zouaoui Y.', 'Nego L.']","['Sabbi E.', 'Ayew A.', 'Kechta Y.', 'Lloris G.']","['-', '-', '-', '-']",0.91,1.01,71%,29%,18,7,4,5,8,1,6,1,12,14,10,2,0,2,24,16,3,4,14,12,,,2,1,,,,,57% (12/21),75% (12/16),,,4,6,,,,,,,,,,,Brisard J.  (Fra),Stade de la Beaujoire  (Nantes),35 322,26 936
France,Ligue-1,Lille,Rennes,1,0,2024/2025,24.11,17:00,1 - 0,0 - 0,"[""45'""]",['1 - 0'],['Zhegrova E.'],['-'],[],[],[],[],"[""40'"", ""48'"", ""90+2'""]","['Mandi A.', 'Alexsandro', 'Fernandez-Pardo M.']","['(Foul)', '(Holding)', '(Foul)']","[""23'"", ""90+4'""]","['Nagida M.', 'Ostigard L.']","['(Roughing)', '(Roughing)']",[],[],[],[],[],[],"[""68'"", ""81'"", ""87'"", ""88'""]","['Fernandez-Pardo M.', 'Haraldsson H.', 'Sahraoui O.', 'Bayo M.']","['Bakker M.', 'Cabella R.', 'Zhegrova E.', 'David J.']","['-', '-', '(Injury)', '-']","[""18'"", ""46'"", ""63'"", ""72'"", ""72'""]","['Faye M.', 'James J.', 'Blas L.', 'Gomez C. A.', 'Jota']","['Seidu A.', 'Kamara G.', 'Gronbaek A.', 'Assignon L.', 'Gouiri A.']","['(Injury)', '-', '-', '-', '-']",0.40,0.20,53%,47%,5,4,2,1,3,1,0,2,16,19,3,3,2,0,18,24,1,1,19,16,,,3,2,,,,,59% (10/17),67% (16/24),,,7,12,,,,,,,,,,,Vernice M.  (Fra),Stade Pierre-Mauroy  (Villeneuve d'Ascq),50 186,46 019
France,Ligue-1,Reims,Lyon,1,1,2024/2025,23.11,23:00,0 - 1,1 - 0,"[""55'""]",['1 - 1'],['Diakite O.'],['-'],"[""38'""]",['0 - 1'],['Cherki R.'],['(Lacazette A.)'],"[""64'"", ""80'""]","['Kone A.', 'Kipre C.']","['(Foul)', '(Roughing)']",[],[],[],[],[],[],[],[],[],"[""70'"", ""77'"", ""90+2'"", ""90+2'""]","['Teuma T.', 'Buta', 'Gabriel Moscardo', 'Salama A.']","['Kone A.', 'Sangui N.', 'Atangana Edoa V.', 'Diakite O.']","['-', '-', '-', '-']","[""68'"", ""79'"", ""79'""]","['Fofana M.', 'Tessmann T.', 'Mikautadze G.']","['Nuamah E.', 'Matic N.', 'Benrahma S.']","['-', '-', '-']",1.22,1.70,40%,60%,14,13,6,7,5,5,3,1,13,11,4,2,4,1,17,14,6,5,11,13,,,2,0,,,,,62% (8/13),47% (7/15),,,11,6,,,,,,,,,,,Frappart S.  (Fra),Stade Auguste-Delaune  (Reims),21 029,18 500
France,Ligue-1,St Etienne,Montpellier,1,0,2024/2025,23.11,21:00,0 - 0,1 - 0,"[""47'""]",['1 - 0'],['Bouchouari B.'],['-'],[],[],[],[],"[""57'"", ""62'"", ""64'""]","['Davitashvili Z.', 'Boakye A.', 'Bouchouari B.']","['(Unsportsmanlike conduct)', '(Foul)', '(Foul)']","[""28'"", ""34'"", ""41'"", ""56'"", ""56'""]","['Chotard J.', 'Nzingoula R.', 'Tchato E.', 'Al-Tamari M.', 'Sylla I.']","['(Unsportsmanlike conduct)', '(Foul)', '(Tripping)', '(Unsportsmanlike conduct)', '(Unsportsmanlike conduct)']",[],[],[],[],[],[],"[""65'"", ""70'"", ""71'"", ""87'"", ""87'""]","['Cafaro M.', 'Moueffek A.', 'Amougou M.', 'Cornud P.', 'Stassin L.']","['Boakye A.', 'Mouton L.', 'Bouchouari B.', 'Davitashvili Z.', 'Sissoko I.']","['-', '-', '-', '-', '-']","[""66'"", ""66'"", ""82'"", ""82'""]","['Omeragic B.', 'Coulibaly T.', 'Ndiaye J.', 'Bares G.']","['Chotard J.', 'Nzingoula R.', 'Khazri W.', 'Sagnan M.']","['-', '-', '-', '-']",1.48,0.96,32%,68%,11,11,4,3,4,5,3,3,11,19,5,11,1,0,15,19,3,3,19,11,,,3,5,,,,,69% (11/16),67% (12/18),,,10,10,,,,,,,,,,,Batta F.  (Fra),Stade Geoffroy-Guichard  (Saint-Étienne),42 000,33 008
France,Ligue-1,Lens,Marseille,1,3,2024/2025,23.11,19:00,0 - 0,1 - 3,"[""80'""]",['1 - 2'],['Fulgini A.'],['-'],"[""49'"", ""57'"", ""89'""]","['0 - 1', '0 - 2', '1 - 3']","['Rongier V.', 'Luis Henrique', 'Hojbjerg P.']","['(Maupay N.)', '(Maupay N.)', '-']","[""37'"", ""74'"", ""83'""]","['Frankowski P.', 'Machado D.', 'Danso K.']","['(Tripping)', '(Tripping)', '(Roughing)']","[""19'"", ""65'"", ""90+1'""]","['Rongier V.', 'Kondogbia G.', 'Garcia U.']","['(Holding)', '(Tripping)', '(Tripping)']",[],[],[],[],[],[],"[""58'"", ""58'"", ""58'"", ""69'"", ""77'""]","['El Aynaoui N.', 'Diouf A.', 'Labeau Lascary R.', 'Zaroury A.', 'Fulgini A.']","['Pereira da Costa D.', 'Thomasson A.', 'Sotoca F.', 'Sarr M.', 'Ojediran H.']","['-', '-', '-', '-', '-']","[""78'"", ""81'"", ""90+2'""]","['Nadir B.', 'Rowe J.', 'Wahi E.']","['Rongier V.', 'Greenwood M.', 'Maupay N.']","['-', '-', '-']",1.93,1.19,45%,55%,16,7,7,4,7,2,2,1,9,17,6,0,3,1,16,21,1,6,17,9,,,3,3,,,,,42% (8/19),42% (8/19),,,21,10,,,,,,,,,,,Wattellier E.  (Fra),Stade Bollaert-Delelis  (Lens),38 223,38 823
France,Ligue-1,PSG,Toulouse,3,0,2024/2025,22.11,23:00,1 - 0,2 - 0,"[""35'"", ""84'"", ""90+1'""]","['1 - 0', '2 - 0', '3 - 0']","['Neves J.', 'Beraldo L.', 'Vitinha']","['(Hakimi A.)', '-', '(Kolo Muani R.)']",[],[],[],[],"[""44'""]",['Hakimi A.'],['(Roughing)'],"[""43'"", ""75'""]","['Aboukhlal Z.', 'Donnum A.']","['(Roughing)', '(Holding)']",[],[],[],[],[],[],"[""46'"", ""60'"", ""73'"", ""81'""]","['Vitinha', 'Lee Kang-In', 'Ruiz F.', 'Kolo Muani R.']","['Zague Y.', 'Doue D.', 'Dembele O.', 'Barcola B.']","['-', '-', '-', '-']","[""64'"", ""64'"", ""78'"", ""78'"", ""89'""]","['Suazo G.', 'Babicka S.', 'Magri F.', 'Schmidt N.', 'Canvot J.']","['Kamanzi W.', 'Gboho Y.', 'King J.', 'Casseres C.', 'Akdag U.']","['-', '-', '-', '-', '-']",1.35,1.39,73%,27%,17,11,8,2,4,6,5,3,14,11,7,5,2,0,14,20,2,5,11,14,,,1,2,,,,,83% (15/18),58% (11/19),,,11,11,,,,,,,,,,,Angoula G.  (Fra),Parc des Princes  (Paris),48 229,47 000
France,Ligue-1,Monaco,Brest,3,2,2024/2025,22.11,21:00,2 - 0,1 - 2,"[""5'"", ""24'"", ""90+1'""]","['1 - 0', '2 - 0', '3 - 1']","['Akliouche M.', 'Golovin A.', 'Akliouche M.']","['(Ben Seghir E.)', '-', '(Ilenikhena G.)']","[""50'"", ""90+6'""]","['2 - 1', '3 - 2']","['Sima A.', 'Ajorque L.']","['(Doumbia K.)', '(Lala K.)']","[""78'"", ""85'""]","['Majecki R.', 'Singo W.']","['(Unsportsmanlike conduct)', '(Roughing)']","[""6'"", ""83'""]","['Lala K.', 'Le Cardinal J.']","['(Unsportsmanlike conduct)', '(Foul)']",[],[],[],"[""67'""]",['Roy E.'],['(Not on pitch)'],"[""68'"", ""80'"", ""80'"", ""90+2'""]","['Ilenikhena G.', 'Teze J.', 'Singo W.', 'Ouattara K.']","['Embolo B.', 'Ben Seghir E.', 'Vanderson', 'Golovin A.']","['-', '-', '(Injury)', '-']","[""22'"", ""46'"", ""73'"", ""81'"", ""81'""]","['Fernandes E.', 'Doumbia K.', 'Balde M.', 'Martin J.', 'Pereira Lage M.']","['Lees-Melou P.', 'Del Castillo R.', 'Sima A.', 'Camara M.', 'Magnetti H.']","['(Injury)', '-', '-', '-', '-']",2.43,1.05,52%,48%,10,12,4,4,4,5,2,3,12,7,2,8,3,1,15,29,2,1,7,12,,,2,2,,,,,33% (5/15),63% (12/19),,,17,14,,,,,,,,,,,Leonard T.  (Fra),Stade Louis II  (Monaco),18 523,5 800
France,Ligue-1,Lyon,St Etienne,1,0,2024/2025,10.11,22:45,1 - 0,0 - 0,"[""29'""]",['1 - 0'],['Lacazette A.'],['(Tolisso C.)'],[],[],[],[],"[""40'"", ""86'"", ""90+5'""]","['Caleta-Car D.', 'Fofana M.', 'Lucas Perri']","['(Roughing)', '(Holding)', '(Unsportsmanlike conduct)']","[""34'"", ""35'""]","['Stassin L.', 'Boakye A.']","['(Foul)', '(Holding)']",[],[],[],[],[],[],"[""65'"", ""65'"", ""79'"", ""80'"", ""86'""]","['Nuamah E.', 'Tessmann T.', 'Clinton Mata', 'Mikautadze G.', 'Zaha W.']","['Veretout J.', 'Matic N.', 'Cherki R.', 'Lacazette A.', 'Fofana M.']","['-', '-', '-', '-', '-']","[""62'"", ""77'"", ""78'"", ""78'"", ""87'""]","['Sissoko I.', 'Wadji I.', 'Appiah D.', 'Moueffek A.', 'Amougou M.']","['Stassin L.', 'Boakye A.', 'Macon Y.', 'Mouton L.', 'Bouchouari B.']","['-', '-', '-', '-', '-']",1.46,0.70,61%,39%,17,10,7,6,3,1,7,3,13,11,7,6,0,0,30,17,6,6,11,13,,,3,2,,,,,,,,,11,17,,,,,,,,,,,Delajod W.  (Fra),Parc Olympique Lyonnais  (Lyon),59 186,58 082
France,Ligue-1,Le Havre,Reims,0,3,2024/2025,10.11,19:00,0 - 2,0 - 1,[],[],[],[],"[""15'"", ""21'"", ""57'""]","['0 - 1', '0 - 2', '0 - 3']","['Diakite O.', 'Nakamura K.', 'Ito J.']","['-', '(Akieme S.)', '-']","[""45+1'""]",['Toure A.'],['(Holding)'],"[""2'"", ""28'"", ""32'"", ""88'""]","['Agbadou E.', 'Akieme S.', 'Diakite O.', 'Okumu J.']","['(Tripping)', '(Roughing)', '(Holding)', '(Foul)']","[""23'""]",['Digard D.'],['(Not on pitch)'],[],[],[],"[""69'"", ""70'"", ""80'"", ""86'""]","['Soumare I.', 'Casimir J.', 'Kuzyaev D.', 'Joujou A.']","['Sabbi E.', 'Salmier Y.', 'Toure A.', 'Kechta Y.']","['-', '-', '-', '-']","[""40'"", ""71'"", ""71'"", ""85'"", ""86'""]","['Kone A.', 'Fofana Y.', 'Salama A.', 'Diakhon M.', 'Teuma T.']","['Buta', 'Kone A.', 'Diakite O.', 'Ito J.', 'Nakamura K.']","['(Injury)', '-', '-', '-', '-']",1.63,2.78,54%,46%,10,18,3,7,5,6,2,5,17,10,8,7,1,2,24,16,4,3,10,17,,,1,4,,,,,,,,,8,5,,,,,,,,,,,Ben El Hadj Salem H.  (Fra),Stade Océane  (Le Havre),25 178,19 256
France,Ligue-1,Montpellier,Brest,3,1,2024/2025,10.11,19:00,,,"[""6'"", ""12'"", ""84'""]","['1 - 0', '2 - 0', '3 - 1']","['Nordin A.', 'Khazri W.', 'Coulibaly T.']","['(Penalty)', '-', '(Maamma O.)']","[""50'""]",['2 - 1'],['Martin J.'],['(Salah I.)'],"[""16'"", ""56'"", ""62'"", ""69'"", ""90+2'""]","['Khazri W.', 'Ferri J.', 'Sagnan M.', 'Toure B.', 'Chennahi T.']","['(Foul)', '(Holding)', '(Foul)', '(Unsportsmanlike conduct)', '(Foul)']","[""26'""]",['Martin J.'],['(Roughing)'],[],[],[],[],[],[],"[""39'"", ""73'"", ""73'"", ""86'"", ""86'""]","['Toure B.', 'Maamma O.', 'Coulibaly T.', 'Chennahi T.', 'Ndiaye J.']","['Adams A.', 'Nordin A.', 'Al-Tamari M.', 'Nzingoula R.', 'Khazri W.']","['(Injury)', '-', '-', '-', '-']","[""62'"", ""63'"", ""63'"", ""76'"", ""86'""]","['Doumbia K.', 'Del Castillo R.', 'Sima A.', 'Camara M.', 'Pereira Lage M.']","['Martin J.', 'Faivre R.', 'Salah I.', 'Magnetti H.', 'Balde M.']","['-', '-', '-', '-', '-']",2.41,0.85,32%,68%,14,19,8,6,3,12,3,1,13,18,3,7,3,1,15,25,5,5,18,13,,,5,1,,,,,,,,,10,1,,,,,,,,,,,Pignard J.  (Fra),Stade de la Mosson  (Montpellier),20 484,12 936
France,Ligue-1,Rennes,Toulouse,0,2,2024/2025,10.11,19:00,0 - 2,0 - 0,[],[],[],[],"[""14'"", ""23'""]","['0 - 1', '0 - 2']","['King J.', 'Donnum A.']","['(Aboukhlal Z.)', '-']","[""41'"", ""44'"", ""45+1'""]","['Gouiri A.', 'Assignon L.', 'Truffert A.']","['(Foul)', '(Roughing)', '(Holding)']","[""48'""]",['Casseres C.'],['(Tripping)'],[],[],[],[],[],[],"[""46'"", ""62'"", ""62'"", ""79'"", ""80'""]","['Gallon G.', 'Gronbaek A.', 'Matusiwa A.', 'Hateboer H.', 'Meite M.']","['Mandanda S.', 'Kalimuendo A.', 'Kamara G.', 'Assignon L.', 'Jota']","['-', '-', '-', '-', '-']","[""69'"", ""69'"", ""87'"", ""90+2'""]","['Babicka S.', 'Kamanzi W.', 'Zajc M.', 'Messali R.']","['King J.', 'Suazo G.', 'Gboho Y.', 'Aboukhlal Z.']","['-', '-', '-', '-']",0.50,1.39,67%,33%,7,9,1,2,2,6,4,1,16,16,5,3,2,1,27,12,0,1,16,16,,,3,1,,,,,,,,,5,17,,,,,,,,,,,Lissorgue R.  (Fra),Roazhon Park  (Rennes),29 778,27 525
France,Ligue-1,Nice,Lille,2,2,2024/2025,10.11,17:00,0 - 1,2 - 1,"[""56'"", ""90+6'""]","['1 - 1', '2 - 2']","['Diop S.', 'Louchet T.']","['(Clauss J.)', '-']","[""17'"", ""66'""]","['0 - 1', '1 - 2']","['Fernandez-Pardo M.', 'Bakker M.']","['(Alexsandro)', '(Andre B.)']","[""37'"", ""85'""]","['Clauss J.', 'Diop S.']","['(Tripping)', '(Foul)']","[""86'"", ""90+5'""]","['David J.', 'Gomes A.']","['(Holding)', '(Roughing)']",[],[],[],[],[],[],"[""46'"", ""62'"", ""75'"", ""75'"", ""84'""]","['Diop S.', 'Louchet T.', 'Bouanani B.', 'Laborde G.', 'Orakpo V.']","['Bard M.', 'Ndombele T.', 'Rosario P.', 'Cho M.', 'Boga J.']","['-', '-', '-', '-', '-']","[""67'"", ""79'"", ""80'""]","['Gomes A.', 'Cabella R.', 'Gudmundsson G.']","['Bouaddi A.', 'Zhegrova E.', 'Fernandez-Pardo M.']","['-', '-', '-']",2.10,1.55,43%,57%,17,13,5,6,6,5,6,2,9,12,6,2,2,0,15,16,4,3,12,9,,,2,2,,,,,,,,,8,11,,,,,,,,,,,Stinat J.  (Fra),Allianz Riviera  (Nice),36 178,25 063
France,Ligue-1,Angers,PSG,2,4,2024/2025,09.11,23:00,0 - 4,2 - 0,"[""90+1'"", ""90+7'""]","['1 - 4', '2 - 4']","['Lepaul E.', 'Biumla E.']","['(Abdelli H.)', '(Rao-Lisoa L.)']","[""17'"", ""20'"", ""31'"", ""45+2'""]","['0 - 1', '0 - 2', '0 - 3', '0 - 4']","['Lee Kang-In', 'Lee Kang-In', 'Barcola B.', 'Barcola B.']","['(Asensio M.)', '(Asensio M.)', '(Asensio M.)', '(Lee Kang-In)']",[],[],[],"[""24'"", ""59'"", ""82'""]","['Beraldo L.', 'Zaire-Emery W.', 'Marquinhos']","['(Holding)', '(Holding)', '(Roughing)']",[],[],[],[],[],[],"[""68'"", ""68'"", ""79'"", ""79'"", ""90'""]","['Belkhdim Y.', 'Rao-Lisoa L.', 'Lepaul E.', 'Dieng B.', 'Ekomie J.']","['Aholou J.', 'Allevinah J.', 'El Melali F.', 'Niane I.', 'Hanin F.']","['-', '-', '-', '-', '-']","[""46'"", ""46'"", ""66'"", ""66'"", ""90+1'""]","['Zague Y.', 'Doue D.', 'Kolo Muani R.', 'Dembele O.', 'Neves J.']","['Hakimi A.', 'Barcola B.', 'Mayulu S.', 'Zaire-Emery W.', 'Lee Kang-In']","['-', '-', '-', '-', '-']",0.55,3.34,30%,70%,10,26,3,12,5,9,2,5,16,5,6,8,3,0,6,13,8,1,5,16,,,0,3,,,,,,,,,10,10,,,,,,,,,,,Millot B.  (Fra),Stade Raymond-Kopa  (Angers),18 752,17 212
France,Ligue-1,Lens,Nantes,3,2,2024/2025,09.11,21:00,1 - 1,2 - 1,"[""21'"", ""86'"", ""90'""]","['1 - 0', '2 - 2', '3 - 2']","['Frankowski P.', 'Ojediran H.', 'Thomasson A.']","['(Penalty)', '-', '-']","[""36'"", ""71'""]","['1 - 1', '1 - 2']","['Simon M.', 'Cozza N.']","['(Penalty)', '(Simon M.)']","[""35'"", ""45+5'""]","['Medina F.', 'Labeau Lascary R.']","['(Tripping)', '(Foul)']",[],[],[],[],[],[],[],[],[],"[""63'"", ""69'"", ""69'"", ""76'""]","['Sotoca F.', 'Ojediran H.', 'Zaroury A.', 'Fulgini A.']","['Diouf A.', 'El Aynaoui N.', 'Pereira da Costa D.', 'Gradit J.']","['-', '-', '-', '-']","[""66'"", ""66'"", ""80'"", ""90+2'"", ""90+2'""]","['Ganago I.', 'Guirassy B.', 'Thomas S.', 'Mollet F.', 'Gbamin J.']","['Abline M.', 'Mostafa Mohamed', 'Simon M.', 'Augusto D.', 'Thomas S.']","['-', '-', '-', '-', '(Injury)']",2.89,1.43,67%,33%,15,9,3,3,7,5,5,1,8,14,6,1,2,2,18,19,1,0,14,8,,,2,0,,,,,,,,,6,13,,,,,,,,,,,Turpin C.  (Fra),Stade Bollaert-Delelis  (Lens),38 223,38 202
France,Ligue-1,Strasbourg,Monaco,1,3,2024/2025,09.11,19:00,1 - 0,0 - 3,"[""29'""]",['1 - 0'],['Doue G.'],['(Moreira D.)'],"[""79'"", ""89'"", ""90+1'""]","['1 - 1', '1 - 2', '1 - 3']","['Ben Seghir E.', 'Ben Seghir E.', 'Ilenikhena G.']","['(Penalty)', '(Akliouche M.)', '-']","[""25'"", ""63'"", ""78'"", ""82'"", ""86'""]","['Doue G.', 'Petrovic D.', 'Moreira D.', 'Diarra H.', 'Wiley C.']","['(Roughing)', '(Unsportsmanlike conduct)', '(Handling)', '(Unsportsmanlike conduct)', '(Roughing)']","[""22'"", ""35'""]","['Caio Henrique', 'Camara L.']","['(Holding)', '(Roughing)']",[],[],[],[],[],[],"[""84'"", ""90'"", ""90+4'""]","['Wiley C.', 'Lukovic M.', 'Diongue D.']","['Nanasi S.', 'Doukoure I.', 'Diarra H.']","['-', '-', '-']","[""46'"", ""46'"", ""90+4'"", ""90+6'""]","['Ilenikhena G.', 'Mawissa Elebi C.', 'Diatta K.', 'Teze J.']","['Embolo B.', 'Caio Henrique', 'Minamino T.', 'Magassa S.']","['-', '-', '-', '-']",0.79,3.72,42%,58%,5,19,2,8,3,7,0,4,18,16,1,2,1,2,22,14,5,1,16,18,,,5,2,,,,,,,,,13,11,,,,,,,,,,,Dechepy B.  (Fra)  -  Lepaysant B.  (Fra),Stade de la Meinau  (Strasbourg),26 109,67 100
France,Ligue-1,Marseille,Auxerre,1,3,2024/2025,08.11,22:45,0 - 3,1 - 0,"[""65'""]",['1 - 3'],['Greenwood M.'],['(Penalty)'],"[""10'"", ""43'"", ""45'""]","['0 - 1', '0 - 2', '0 - 3']","['Sinayoko L.', 'Perrin G.', 'Traore H. J.']","['(Leon D.)', '(Sinayoko L.)', '(Perrin G.)']","[""60'"", ""66'"", ""87'""]","['Rabiot A.', 'Greenwood M.', 'Wahi E.']","['(Holding)', '(Unsportsmanlike conduct)', '(Foul)']","[""66'"", ""88'""]","['Leon D.', 'Bair T.']","['(Unsportsmanlike conduct)', '(Elbowing)']",[],[],[],[],[],[],"[""46'"", ""46'"", ""46'"", ""66'"", ""77'""]","['Wahi E.', 'Kone I.', 'Garcia U.', 'Kondogbia G.', 'Murillo M.']","['Maupay N.', 'Rowe J.', 'Merlin Q.', 'Brassier L.', 'Lirola P.']","['-', '-', '-', '-', '-']","[""78'"", ""79'"", ""85'""]","['Diousse A.', 'Bair T.', 'Onaiwu A.']","['Sinayoko L.', 'Danois K.', 'Perrin G.']","['(Injury)', '-', '-']",2.69,1.44,74%,26%,19,10,5,6,7,2,7,2,16,13,5,3,6,2,20,14,3,4,13,16,,,3,2,,,,,,,,,4,8,,,,,,,,,,,Bollengier M.  (Fra),Stade Vélodrome  (Marseille),67 394,64 184
France,Ligue-1,Nantes,Marseille,1,2,2024/2025,03.11,22:45,1 - 1,0 - 1,"[""39'""]",['1 - 1'],['Kadewere T.'],['(Coco M.)'],"[""24'"", ""61'""]","['0 - 1', '1 - 2']","['Maupay N.', 'Greenwood M.']","['(Rowe J.)', '(Luis Henrique)']","[""90+7'""]",['Pallois N.'],[],"[""90+3'""]",['Balerdi L.'],['(Delay of game)'],[],[],[],[],[],[],"[""68'"", ""68'"", ""68'"", ""80'"", ""80'""]","['Ganago I.', 'Abline M.', 'Amian K.', 'Guirassy B.', 'Gbamin J.']","['Thomas S.', 'Mostafa Mohamed', 'Coco M.', 'Augusto D.', 'Kadewere T.']","['-', '-', '-', '-', '-']","[""59'"", ""59'"", ""69'"", ""69'"", ""87'""]","['Luis Henrique', 'Murillo M.', 'Cornelius D.', 'Brassier L.', 'Rongier V.']","['Kone I.', 'Merlin Q.', 'Lirola P.', 'Rowe J.', 'Cornelius D.']","['-', '-', '(Injury)', '-', '(Injury)']",1.23,1.17,26%,74%,7,9,3,4,3,3,1,2,6,16,2,5,4,1,18,11,2,2,16,6,,,1,1,,,,,,,,,7,6,,,,,,,,,,,Dechepy B.  (Fra),Stade de la Beaujoire  (Nantes),35 322,33 248
France,Ligue-1,Auxerre,Rennes,4,0,2024/2025,03.11,19:00,2 - 0,2 - 0,"[""27'"", ""39'"", ""65'"", ""90+2'""]","['1 - 0', '2 - 0', '3 - 0', '4 - 0']","['Perrin G.', 'Perrin G.', 'Sinayoko L.', 'Onaiwu A.']","['-', '(Traore H. J.)', '(Penalty)', '(Sinayoko L.)']",[],[],[],[],[],[],[],"[""35'"", ""64'""]","['Matusiwa A.', 'Faye M.']","['(Roughing)', '(Foul)']",[],[],[],[],[],[],"[""56'"", ""78'"", ""85'"", ""85'"", ""85'""]","['Sinayoko L.', 'Onaiwu A.', 'Diousse A.', 'Raveloson R.', 'Aye F.']","['Bair T.', 'Traore H. J.', 'Hoever K.', 'Perrin G.', 'Owusu E.']","['-', '-', '-', '-', '-']","[""46'"", ""46'"", ""46'"", ""61'"", ""73'""]","['Santamaria B.', 'Gouiri A.', 'Faye M.', 'Assignon L.', 'Gronbaek A.']","['Matusiwa A.', 'Kamara G.', 'Wooh C.', 'Hateboer H.', 'Jota']","['-', '-', '-', '-', '-']",2.39,0.80,39%,61%,16,7,8,4,7,1,1,2,15,11,3,8,3,2,13,22,4,4,11,15,,,0,2,,,,,,,,,6,5,,,,,,,,,,,Angoula G.  (Fra),Stade de l'Abbé-Deschamps  (Auxerre),17 924,16 366
France,Ligue-1,Le Havre,Montpellier,1,0,2024/2025,03.11,19:00,0 - 0,1 - 0,"[""73'""]",['1 - 0'],['Toure A.'],['(Penalty)'],[],[],[],[],"[""31'"", ""46'""]","['Lloris G.', 'Salmier Y.']","['(Roughing)', '(Elbowing)']","[""35'""]",['Ferri J.'],['(Holding)'],[],[],[],[],[],[],"[""68'"", ""81'""]","['Sabbi E.', 'Kuzyaev D.']","['Ndiaye R.', 'Targhalline O.']","['-', '-']","[""60'"", ""74'"", ""75'"", ""87'""]","['Al-Tamari M.', 'Coulibaly T.', 'Toure B.', 'Ndiaye J.']","['Adams A.', 'Tchato E.', 'Nzingoula R.', 'Sagnan M.']","['-', '-', '-', '-']",2.19,0.98,48%,52%,12,15,4,1,4,7,4,7,13,11,2,10,3,0,18,12,1,3,11,13,,,2,1,,,,,,,,,11,9,,,,,,,,,,,Frappart S.  (Fra),Stade Océane  (Le Havre),25 178,18 703
France,Ligue-1,Toulouse,Reims,1,0,2024/2025,03.11,17:00,0 - 0,1 - 0,"[""84'""]",['1 - 0'],['Aboukhlal Z.'],['(Suazo G.)'],[],[],[],[],[],[],[],"[""77'"", ""81'"", ""86'""]","['Nakamura K.', 'Sangui N.', 'Agbadou E.']","['(Roughing)', '(Roughing)', '(Roughing)']",[],[],[],[],[],[],"[""73'"", ""73'"", ""90+4'""]","['Babicka S.', 'Suazo G.', 'Magri F.']","['Gboho Y.', 'Kamanzi W.', 'Aboukhlal Z.']","['-', '-', '-']","[""73'"", ""86'"", ""90'"", ""90'""]","['Sangui N.', 'Diakhon M.', 'Bamba M. A.', 'Sissoko N.']","['Fofana Y.', 'Okumu J.', 'Kone A.', 'Diakite O.']","['-', '-', '-', '-']",0.90,0.74,51%,49%,13,13,6,2,5,4,2,7,15,16,6,7,0,3,23,16,2,5,16,15,,,0,3,,,,,,,,,6,10,,,,,,,,,,,Vernice M.  (Fra),Stadium Municipal  (Toulouse),33 150,23 752
France,Ligue-1,St Etienne,Strasbourg,2,0,2024/2025,02.11,23:00,0 - 0,2 - 0,"[""51'"", ""78'""]","['1 - 0', '2 - 0']","['Nade M.', 'Sissoko I.']","['(Stassin L.)', '-']",[],[],[],[],"[""40'"", ""47'""]","['Petrot L.', 'Mouton L.']","['(Tripping)', '(Holding)']","[""26'""]",['Sarr M.'],['(Tripping)'],[],[],[],[],[],[],"[""56'"", ""56'"", ""62'"", ""72'""]","['Cafaro M.', 'Sissoko I.', 'Appiah D.', 'Moueffek A.']","['Boakye A.', 'Stassin L.', 'Macon Y.', 'Mouton L.']","['-', '-', '-', '(Injury)']","[""66'"", ""80'"", ""80'"", ""90+1'""]","['Lemarechal F.', 'Ouattara A.', 'Lukovic M.', 'Wiley C.']","['Sarr M.', 'Nanasi S.', 'Bakwa D.', 'Moreira D.']","['-', '-', '-', '-']",2.66,0.53,35%,65%,13,9,3,3,8,4,2,2,4,9,2,3,3,0,16,11,3,1,9,4,,,2,1,,,,,,,,,15,10,,,,,,,,,,,Wattellier E.  (Fra),Stade Geoffroy-Guichard  (Saint-Étienne),42 000,33 043
France,Ligue-1,Brest,Nice,0,1,2024/2025,02.11,21:00,0 - 1,0 - 0,[],[],[],[],"[""42'""]",['0 - 1'],['Guessand E.'],['(Abdi A.)'],[],[],[],"[""74'"", ""84'""]","['Dante', 'Abdelmonem M.']","['(Roughing)', '(Holding)']",[],[],[],[],[],[],"[""68'"", ""69'"", ""79'"", ""79'"", ""88'""]","['Doumbia K.', 'Salah I.', 'Martin J.', 'Faivre R.', 'Haidara M.']","['Magnetti H.', 'Balde M.', 'Camara M.', 'Del Castillo R.', 'Amavi J.']","['-', '-', '-', '-', '-']","[""62'"", ""76'"", ""76'"", ""76'"", ""90+1'""]","['Laborde G.', 'Ndombele T.', 'Mendy A.', 'Diop S.', 'Moukoko Y.']","['Boga J.', 'Ndayishimiye Y.', 'Clauss J.', 'Cho M.', 'Guessand E.']","['-', '-', '-', '-', '-']",1.03,1.58,64%,36%,16,12,6,3,9,8,1,1,4,9,6,2,1,4,19,19,2,6,9,4,,,0,2,,,,,,,,,11,11,,,,,,,,,,,Turpin C.  (Fra),Stade Francis-Le Blé  (Brest),15 220,14 534
France,Ligue-1,PSG,Lens,1,0,2024/2025,02.11,19:00,1 - 0,0 - 0,"[""4'""]",['1 - 0'],['Dembele O.'],['(Barcola B.)'],[],[],[],[],"[""57'""]",['Marquinhos'],['(Roughing)'],"[""45+1'"", ""45+5'"", ""47'"", ""62'"", ""86'""]","['Khusanov A.', 'Still W.', 'Gradit J.', 'Diouf A.', 'Danso K.']","['(Tripping)', '(Not on pitch, Roughing)', '(Roughing)', '(Roughing)', '(Roughing)']",[],[],[],"[""59'""]",['Khusanov A.'],['(Roughing)'],"[""61'"", ""71'"", ""71'""]","['Lee Kang-In', 'Zaire-Emery W.', 'Doue D.']","['Dembele O.', 'Ruiz F.', 'Asensio M.']","['-', '-', '-']","[""20'"", ""63'"", ""63'"", ""80'"", ""80'""]","['Ojediran H.', 'Sarr M.', 'El Aynaoui N.', 'Labeau Lascary R.', 'Pereira da Costa D.']","['Sotoca F.', 'Gradit J.', 'Thomasson A.', 'Zaroury A.', 'Diouf A.']","['(Injury)', '-', '-', '-', '-']",2.65,0.82,69%,31%,18,13,8,2,5,6,5,5,20,3,7,4,2,3,13,7,2,7,3,20,0,1,1,5,,,,,,,,,9,8,,,,,,,,,,,Delajod W.  (Fra),Parc des Princes  (Paris),48 229,47 926
France,Ligue-1,Lille,Lyon,1,1,2024/2025,01.11,23:00,1 - 0,0 - 1,"[""17'""]",['1 - 0'],['David J.'],['-'],"[""90+1'""]",['1 - 1'],['Fofana M.'],['(Maitland-Niles A.)'],"[""27'"", ""43'"", ""57'"", ""90+2'""]","['Genesio B.', 'Zhegrova E.', 'Mukau N.', 'Andre B.']","['(Not on pitch)', '(Roughing)', '(Roughing)']","[""30'""]",['Caleta-Car D.'],['(Tripping)'],[],[],[],[],[],[],"[""70'"", ""70'"", ""81'"", ""81'"", ""85'""]","['Fernandez-Pardo M.', 'Bouaddi A.', 'Bayo M.', 'Bakker M.', 'Toure O.']","['Sahraoui O.', 'Gomes A.', 'Mukau N.', 'Zhegrova E.', 'Meunier T.']","['-', '-', '-', '-', '(Injury)']","[""77'"", ""85'""]","['Benrahma S.', 'Mikautadze G.']","['Veretout J.', 'Lacazette A.']","['-', '-']",1.67,1.13,47%,53%,14,14,2,3,8,6,4,5,10,12,4,9,1,3,12,18,2,1,12,10,,,3,1,,,,,,,,,10,4,,,,,,,,,,,Brisard J.  (Fra),Stade Pierre-Mauroy  (Villeneuve d'Ascq),50 186,45 084
France,Ligue-1,Monaco,Angers,0,1,2024/2025,01.11,21:00,0 - 1,0 - 0,[],[],[],[],"[""29'""]",['0 - 1'],['Aholou J.'],['(Allevinah J.)'],"[""17'""]",['Camara L.'],['(Roughing)'],"[""89'""]",['Capelle P.'],['(Delay of game)'],[],[],[],[],[],[],"[""46'"", ""80'"", ""84'""]","['Ben Seghir E.', 'Bouabre S.', 'Ouattara K.']","['Ilenikhena G.', 'Camara L.', 'Caio Henrique']","['-', '-', '-']","[""61'"", ""72'"", ""72'"", ""90+5'""]","['Belkhdim Y.', 'Capelle P.', 'Lepaul E.', 'Dieng B.']","['Allevinah J.', 'Aholou J.', 'El Melali F.', 'Niane I.']","['-', '-', '(Injury)', '-']",1.34,0.44,64%,36%,11,10,3,3,4,3,4,4,12,16,4,4,0,2,19,25,2,3,16,12,,,1,1,,,,,,,,,10,17,,,,,,,,,,,Kherradji A.  (Fra),Stade Louis II  (Monaco),18 523,10 540
France,Ligue-1,Marseille,PSG,0,3,2024/2025,27.10,22:45,0 - 3,0 - 0,[],[],[],[],"[""7'"", ""29'"", ""40'""]","['0 - 1', '0 - 2', '0 - 3']","['Neves J.', 'Balerdi L.', 'Barcola B.']","['-', '(Own goal)', '(Dembele O.)']","[""18'""]",['Hojbjerg P.'],['(Tripping)'],[],[],[],"[""20'""]",['Harit A.'],['(Serious foul)'],[],[],[],"[""46'"", ""46'"", ""85'""]","['Rowe J.', 'Kone I.', 'Lirola P.']","['Greenwood M.', 'Wahi E.', 'Luis Henrique']","['-', '-', '-']","[""50'"", ""67'"", ""67'"", ""78'"", ""78'""]","['Beraldo L.', 'Ruiz F.', 'Doue D.', 'Asensio M.', 'Mayulu S.']","['Mendes N.', 'Zaire-Emery W.', 'Barcola B.', 'Neves J.', 'Lee Kang-In']","['-', '-', '-', '-', '-']",0.22,2.98,25%,75%,5,19,1,8,2,9,2,2,7,4,1,2,2,8,15,8,5,1,4,7,1,0,1,0,,,,,,,,,9,9,,,,,,,,,,,Letexier F.  (Fra),Stade Vélodrome  (Marseille),67 394,66 115
France,Ligue-1,Montpellier,Toulouse,0,3,2024/2025,27.10,19:00,0 - 3,0 - 0,[],[],[],[],"[""5'"", ""8'"", ""27'""]","['0 - 1', '0 - 2', '0 - 3']","['Aboukhlal Z.', 'Aboukhlal Z.', 'King J.']","['(King J.)', '(Sidibe D.)', '(Aboukhlal Z.)']","[""45+2'""]",['Nordin A.'],['(Unsportsmanlike conduct)'],"[""59'"", ""66'""]","['Casseres C.', 'McKenzie M.']","['(Holding)', '(Foul)']","[""51'""]",['Savanier T.'],['(Roughing)'],[],[],[],"[""60'"", ""61'"", ""61'"", ""71'"", ""85'""]","['Al-Tamari M.', 'Toure B.', 'Maamma O.', 'Tchato E.', 'Bares G.']","['Nzingoula R.', 'Khazri W.', 'Nordin A.', 'Sagnan M.', 'Ferri J.']","['-', '-', '-', '-', '-']","[""64'"", ""78'"", ""78'"", ""84'"", ""84'""]","['Magri F.', 'Genreau D.', 'Zajc M.', 'Schmidt N.', 'Babicka S.']","['King J.', 'Gboho Y.', 'Casseres C.', 'Sierro V.', 'Aboukhlal Z.']","['-', '-', '-', '-', '-']",0.22,1.43,52%,48%,9,15,2,6,5,5,2,4,20,8,1,3,0,1,13,15,3,2,8,20,1,0,1,2,,,,,,,,,9,10,,,,,,,,,,,Leonard T.  (Fra),Stade de la Mosson  (Montpellier),20 484,14 111
France,Ligue-1,Nice,Monaco,2,1,2024/2025,27.10,19:00,1 - 1,1 - 0,"[""45+1'"", ""71'""]","['1 - 1', '2 - 1']","['Guessand E.', 'Laborde G.']","['(Abdi A.)', '-']","[""39'""]",['0 - 1'],['Embolo B.'],['(Akliouche M.)'],"[""45+4'"", ""77'""]","['Cho M.', 'Bard M.']","['(Unsportsmanlike conduct)', '(Roughing)']","[""15'"", ""35'"", ""45'"", ""52'""]","['Magassa S.', 'Vanderson', 'Singo W.', 'Camara L.']","['(Tripping)', '(Tripping)', '(Holding)', '(Roughing)']",[],[],[],"[""45+4'""]",['Vanderson'],['(Unsportsmanlike conduct)'],"[""61'"", ""79'"", ""79'"", ""86'""]","['Laborde G.', 'Mendy A.', 'Diop S.', 'Bouanani B.']","['Cho M.', 'Louchet T.', 'Boga J.', 'Guessand E.']","['-', '-', '-', '-']","[""46'"", ""75'"", ""76'"", ""85'""]","['Diatta K.', 'Ben Seghir E.', 'Ilenikhena G.', 'Ouattara K.']","['Magassa S.', 'Minamino T.', 'Camara L.', 'Caio Henrique']","['-', '-', '-', '(Injury)']",1.72,0.40,40%,60%,17,11,9,5,6,1,2,5,11,16,6,6,2,1,16,15,4,7,16,11,0,1,2,5,,,,,,,,,18,7,,,,,,,,,,,Pignard J.  (Fra),Allianz Riviera  (Nice),36 178,29 795
France,Ligue-1,Strasbourg,Nantes,3,1,2024/2025,27.10,19:00,1 - 0,2 - 1,"[""17'"", ""57'"", ""73'""]","['1 - 0', '2 - 0', '3 - 0']","['Andrey Santos', 'Andrey Santos', 'Bakwa D.']","['(Diarra H.)', '(Bakwa D.)', '(Moreira D.)']","[""83'""]",['3 - 1'],['Guirassy B.'],['(Augusto D.)'],"[""38'"", ""90+6'""]","['Andrey Santos', 'Diarra H.']","['(Tripping)', '(Unsportsmanlike conduct)']","[""87'"", ""90+2'"", ""90+6'""]","['Lepenant J.', 'Ganago I.', 'Zeze N.']","['(Foul)', '(Holding)', '(Unsportsmanlike conduct)']",[],[],[],[],[],[],"[""76'"", ""84'"", ""84'"", ""90+4'"", ""90+4'""]","['Sylla A.', 'Mwanga J.', 'Lemarechal F.', 'Diongue D.', 'Sobol E.']","['Mara S.', 'Andrey Santos', 'Nanasi S.', 'Moreira D.', 'Bakwa D.']","['-', '-', '-', '-', '-']","[""68'"", ""68'"", ""68'"", ""84'"", ""84'""]","['Ganago I.', 'Chirivella P.', 'Guirassy B.', 'Mollet F.', 'Lepenant J.']","['Kadewere T.', 'Gbamin J.', 'Abline M.', 'Thomas S.', 'Augusto D.']","['-', '-', '-', '-', '-']",1.87,0.74,50%,50%,9,8,5,6,1,1,3,1,17,15,5,4,0,2,22,22,5,2,15,17,,,2,3,,,,,,,,,4,6,,,,,,,,,,,Ben El Hadj Salem H.  (Fra),Stade de la Meinau  (Strasbourg),26 109,19 398
France,Ligue-1,Lyon,Auxerre,2,2,2024/2025,27.10,17:00,1 - 0,1 - 2,"[""45+5'"", ""62'""]","['1 - 0', '2 - 1']","['Mikautadze G.', 'Mikautadze G.']","['(Penalty)', '(Benrahma S.)']","[""47'"", ""72'""]","['1 - 1', '2 - 2']","['Diomande S.', 'Traore H. J.']","['(Perrin G.)', '(Diomande S.)']",[],[],[],"[""44'"", ""45+7'"", ""80'"", ""90+3'""]","['Diomande S.', 'Jubal', 'Leon D.', 'Raveloson R.']","['(Unsportsmanlike conduct)', '(Tripping)', '(Delay of game)', '(Roughing)']",[],[],[],[],[],[],"[""69'"", ""77'"", ""78'"", ""85'""]","['Lacazette A.', 'Zaha W.', 'Cherki R.', 'Maitland-Niles A.']","['Benrahma S.', 'Matic N.', 'Mikautadze G.', 'Kumbedi S.']","['-', '-', '-', '-']","[""46'"", ""67'"", ""67'"", ""84'"", ""90+1'""]","['Raveloson R.', 'Sinayoko L.', 'Bair T.', 'Onaiwu A.', 'Diousse A.']","['Danois K.', 'Aye F.', 'Perrin G.', 'Traore H. J.', 'Owusu E.']","['-', '-', '-', '(Injury)', '-']",1.87,1.30,63%,37%,12,17,8,4,2,7,2,6,14,7,5,4,2,4,21,21,2,6,7,14,,,0,4,,,,,,,,,7,12,,,,,,,,,,,Stinat J.  (Fra),Parc Olympique Lyonnais  (Lyon),59 186,54 868
France,Ligue-1,Lens,Lille,0,2,2024/2025,26.10,22:00,0 - 0,0 - 2,[],[],[],[],"[""90+8'"", ""90+11'""]","['0 - 1', '0 - 2']","['David J.', 'Bayo M.']","['(Penalty)', '(Fernandez-Pardo M.)']","[""13'"", ""65'"", ""86'"", ""90+10'""]","['Thomasson A.', 'Pouilly T.', 'Gradit J.', 'Nzola M.']","['(Tripping)', '(Tripping)', '(Holding)', '(Not on pitch)']","[""20'"", ""75'"", ""89'"", ""90+9'""]","['Gudmundsson G.', 'Meunier T.', 'Mandi A.', 'David J.']","['(Tripping)', '(Holding)', '(Unsportsmanlike conduct)', '(Unsportsmanlike conduct)']",[],[],[],[],[],[],"[""46'"", ""71'"", ""71'"", ""71'"", ""83'""]","['Pouilly T.', 'Labeau Lascary R.', 'Fulgini A.', 'Machado D.', 'El Aynaoui N.']","['Frankowski P.', 'Nzola M.', 'Sotoca F.', 'Zaroury A.', 'Thomasson A.']","['(Injury)', '-', '-', '-', '-']","[""62'"", ""66'"", ""66'"", ""83'""]","['Mandi A.', 'Fernandez-Pardo M.', 'Mukau N.', 'Bayo M.']","['Gudmundsson G.', 'Gomes A.', 'Gomes A.', 'Sahraoui O.']","['(Injury)', '-', '-', '-']",1.05,1.79,58%,42%,11,11,4,3,2,1,5,7,14,16,8,2,4,1,22,25,1,4,16,14,,,4,4,,,,,,,,,11,9,,,,,,,,,,,Bastien B.  (Fra),Stade Bollaert-Delelis  (Lens),38 223,38 223
